{
  "ulker.png": 0.10634868793238503,
  "samir.png": 0.10086989623223099,
  "can.png": 0.06521606359032549,
  "left.jpg": 0.17823285397181574,
  "alkin.png": 0.05664494173148461,
  "forward.jpg": 0.06977887680975672,
  "right.jpg": 0.19575784164493407
}